id	name	arcana	level	description	image	strength	magic	endurance	agility	luck	weak	resists	reflects	absorbs	nullifies	dlc	query
1	Orpheus	Fool	1	A poet of Greek mythology skilled with the lyre. He tried to retrieve his wife from Hades, but she vanished when he looked upon her before reaching the surface.	https://megatenwiki.com/images/b/b3/P3_Orpheus_Artwork.png	3	1	2	3	1	Electric,Dark	Fire				0	orpheus
2	Slime	Fool	12	A primitive monster with a viscous body. There are various theories as to its origin, but it is still under debate. Said to compulsively collect shiny objects.	https://megatenwiki.com/images/7/70/P5X_Slime_Artwork.png	10	6	14	6	7	Fire,Wind	Slash,Strike,Dark				0	slime
3	Arsène	Fool	23	A Persona that granted power to a hero in another story. He is a being based off the main character of Maurice Leblanc's novels, Arsène Lupin. He appears everywhere and is a master of disguise.	https://megatenwiki.com/images/0/0e/P5X_Ars%C3%A8ne_Artwork.png	17	17	14	18	11	Light	Dark				1	arsene
4	Legion	Fool	26	The spirit who said in ancient scripture, ''For we are many.'' The name comes from the Roman military term for an army unit of 3,000 to 6,000 men.	https://megatenwiki.com/images/c/cf/P3_Legion_Artwork.png	16	14	26	9	20	Pierce,Light	Slash,Strike,Fire				0	legion
5	Black Frost	Fool	37	A Jack Frost that wished for evil powers. This powerful demon is born when a cute Jack Frost remembers its nature as a demon.	https://megatenwiki.com/images/0/0f/P5X_Black_Frost_Artwork.png	22	34	23	25	20	Light		Dark	Ice	Fire	0	black-frost
6	Ose	Fool	41	One of the 72 demons of the Goetia, he is known as the President of Hell. He can shape-shift from leopard to human and reveal the truth behind divine mysteries. 	https://megatenwiki.com/images/1/10/P5X_Ose_Artwork.png	32	23	28	25	22	Light				Dark	0	ose
7	Izanagi	Fool	46	A Persona that granted power to a hero in another story. He is one of the gods who existed before Japan was formed. He created the Oyashima from chaos, then birthed countless children and laid the foundation of soil and nature.	https://megatenwiki.com/images/5/59/P4_Izanagi_Artwork.png	31	30	25	31	28	Wind	Electric			Dark	1	izanagi
8	Decarabia	Fool	54	One of the 72 demons of the Goetia, this demon appears as a pentacle. Keeper of jewels and herbal lore, Decarabia is said to have the ability to shape-shift at will.	https://megatenwiki.com/images/2/24/P5X_Decarabia_Artwork.png	35	35	35	35	35	Slash					0	decarabia
9	Loki	Fool	69	A malignant god of Norse mythology. Impulsive and devious, but not always driven by malice. He had an uneasy peace with Odin and the gods, but his part in Baldr's death drove them to finally punish him.	https://megatenwiki.com/images/9/96/SH1_Loki_Artwork.png	48	60	45	42	28	Fire	Dark		Wind	Ice	0	loki
10	Susano-o	Fool	77	A god of Japanese legend, born along with Amaterasu and Tsukuyomi. He was cast out for lewd behavior, but redeemed himself with heroic deeds like slaying Yamata-no-Orochi.	https://megatenwiki.com/images/b/ba/SH1_Susano-o_Artwork.png	71	35	43	49	55	Electric,Light		Pierce		Wind	0	susano-o
11	Satanael	Fool	89	A Persona of another story. An archangel who is said to be the form of Satan before he fell from Heaven. The second son of God, he rebelled against Him for freedom and bestowed free will and chaos upon humanity.	https://megatenwiki.com/images/8/8e/P5_Satanael_Render.png	63	60	57	56	56		Fire,Ice,Electric,Wind		Dark	Light	1	satanael
12	Orpheus Telos	Fool	91	By bonding with many people, Orpheus was once again born from the sea of the soul. He has awakened to a power that holds infinite possibilities.	https://megatenwiki.com/images/2/26/P3_Orpheus_Telos_Artwork.png	63	63	63	63	63		Slash,Strike,Pierce,Fire,Ice,Electric,Wind,Light,Dark				0	orpheus-telos
13	Hermes	Magician	1	A messenger god who served Zeus. His winged sandals allow him to fly, and he was worshiped as a god of travel and commerce. He was also known as a trickster, being able to freely cross between the mortal and godly realms. 	https://megatenwiki.com/images/a/a7/P3R_Hermes_Artwork.png	3	1	2	3	1	Wind	Fire				0	hermes
14	Trismegistus	Magician	1	A Hellenistic figure who represents a blending of the Greek god Hermes and the Egyptian god Thoth. His full name, Hermes Trismegistus, means ''Hermes, thrice greatest,'' and he is thought to be the author of the Corpus Hermeticum. 	https://megatenwiki.com/images/e/e2/P3_Trismegistus_Artwork.png	3	1	2	3	1	Wind				Fire	0	trismegistus
15	Nekomata	Magician	3	Incarnations of long-lived cats in Japanese mythology. They have various powers, including human speech and control over the dead.	https://megatenwiki.com/images/f/ff/P5X_Nekomata_Artwork.png	4	4	2	5	2	Electric	Wind				0	nekomata
16	Jack Frost	Magician	8	A winter fairy of European descent. He leaves ice patterns on windows and nips people's noses. Though normally an innocent creature, he will freeze his victims to death if provoked.	https://megatenwiki.com/images/3/3a/P5X_Jack_Frost_Artwork.png	5	9	8	6	4	Fire				Ice	0	jack-frost
17	Jack-o'-Lantern	Magician	15	A drunkard who tricked the Devil out of taking him to Hell. When refused entry to Heaven, he was forced to wander the earth with only an ember as a light.	https://megatenwiki.com/images/2/2e/P5X_Jack-o-Lantern_Artwork.png	8	15	9	9	11	Ice				Fire	0	jack-o-lantern
18	Hua Po	Magician	19	A spirit of Chinese folklore who dwells in trees once used for hangings. She is smaller than a human and cannot speak, but her voice is said to be as clear and as beautiful as a bird's song.	https://megatenwiki.com/images/2/2d/P5X_Hua_Po_Artwork.png	8	21	13	17	11	Ice				Fire,Dark	0	hua-po
19	Zorro	Magician	22	A Persona of another story. He was a masked swordsman of justice who fought in California against corrupt officials during the era of Spanish rule. He always left his ''Z'' mark wherever he appeared.	https://megatenwiki.com/images/7/7a/P5X_Zorro_Artwork.png	13	17	13	15	15	Electric	Wind				1	zorro
20	Sati	Magician	29	Shiva's first consort in Hindu myth, she threw herself into a sacrificial fire in protest of her father's treatment of Shiva. Reborn as Parvati, she was reunited with Shiva.	https://megatenwiki.com/images/2/29/P3_Sati_Artwork.png	13	27	13	21	20	Ice				Fire	0	sati
21	Orobas	Magician	39	One of the 72 demons of the Goetia. Known as the Prince of Hell, he appears as a horse and answers questions of the past, present, and future. He is faithful to his conjurer.	https://megatenwiki.com/images/9/92/P5X_Orobas_Artwork.png	22	33	22	28	19	Ice	Dark			Wind	0	orobas
22	Mercurius	Magician	43	A Persona of another story. He is the Roman god of travelers and thieves. He is seen as a symbol of human unconscious and the mental world. He is equated with the philosopher's stone, the ultimate mystery in alchemy.	https://megatenwiki.com/images/7/71/P3R_Mercurius_Render.png	23	31	22	33	27	Electric	Light			Wind	1	mercurius
23	Rangda	Magician	50	A wicked witch of Balinese lore, she represents evil and is Barong's eternal rival. Even if defeated, she will come back to life, and their battle will have no end.	https://megatenwiki.com/images/a/a3/P5X_Rangda_Artwork.png	33	39	28	30	30	Ice,Electric	Fire	Strike			0	rangda
24	Surt	Magician	60	A fire giant in Norse mythology. He rules the fire realm, Muspelheim, and brandishes a burning sword. At Ragnarok, he will set the world ablaze.	https://megatenwiki.com/images/a/ab/P5X_Surt_Artwork.png	43	51	40	28	34	Ice			Fire		0	surt
25	Futsunushi	Magician	74	The Nihonshoki sword deity who pacified Ashihara-no-Nakatsukuni. His name comes from ''futsu,'' the fashion in which things are cut, and ''nushi,'' his nature as a god.	https://megatenwiki.com/images/0/06/SH1_Futsunushi_Artwork.png	62	49	50	42	35	Dark	Strike,Electric			Slash	0	futsunushi
26	Apsaras	Priestess	2	Hindu water spirits, they are beautiful young women who dance for the gods. They also guide heroes fallen in battle to paradise. 	https://megatenwiki.com/images/5/58/P5X_Apsaras_Artwork.png	2	4	2	3	2	Fire	Ice				0	apsaras
27	Unicorn	Priestess	11	A legendary white horse with a single spiral horn. It can only be tamed by a pure maiden, and its horn supposedly has miraculous healing capabilities.	https://megatenwiki.com/images/5/54/P5X_Unicorn_Artwork.png	5	10	12	8	7	Wind,Dark				Ice,Light	0	unicorn
28	Lucia	Priestess	18	A saint who was martyred during the persecution of Christianity in the time of the Roman Empire. She was tortured and had her eyes gouged out, but a miracle restored her sight. She is revered as the patron saint of the blind. 	https://megatenwiki.com/images/5/53/P3R_Lucia_Artwork.png	9	15	12	13	12						0	lucia
29	Juno	Priestess	18	The goddess of family and marriage, and wife to the Roman god Jupiter. She is often equated with the Greek goddess Hera. Though she is kind, she is also vengeful, seeking to punish women who have affairs with her husband. 	https://megatenwiki.com/images/e/eb/P3_Juno_Artwork.png	9	15	12	13	12						0	juno
30	High Pixie	Priestess	20	The leader of a swarm of pixies. Any pixie in a leadership role or with remarkable power is called by this name.	https://megatenwiki.com/images/c/c9/P5X_High_Pixie_Artwork.png	11	20	10	13	13	Wind				Ice	0	high-pixie
31	Johanna	Priestess	28	A Persona of another story. She is the mysterious female pope of the Middle Ages. She posed as a man and eventually made it all the way up to pope due to her unrivaled intellect.	https://megatenwiki.com/images/4/44/P5X_Johanna_Artwork.png	19	19	17	21	15	Electric	Strike				1	johanna
32	Sarasvati	Priestess	32	The Hindu goddess of rivers, and patron of speech, writing, learning, the arts, and sciences. Brahma is her husband.	https://megatenwiki.com/images/b/b9/P5X_Sarasvati_Artwork.png	17	26	16	24	22	Electric	Light			Ice	0	sarasvati
33	Ganga	Priestess	41	The personification of the Ganges river. Originally from the heavens, she came to earth to clean the souls of the people as a result of the prayers of Bhagiratha.	https://megatenwiki.com/images/e/e0/P3_Ganga_Artwork.png	24	30	26	22	28	Fire,Dark	Pierce,Ice,Light				0	ganga
34	Parvati	Priestess	48	A beautiful Hindu goddess of love and one of Shiva's wives. Always by his side, she played a role in opening his third eye. She can turn into Durga or Kali when angered.	https://megatenwiki.com/images/f/fd/P5X_Parvati_Artwork.png	26	40	26	31	31	Fire				Ice	0	parvati
35	Anat	Priestess	53	A Persona of another story. She is the daughter of Ugaritic's highest god El. She is the goddess of fertility, as well as hunting and war.	https://megatenwiki.com/images/f/f7/P3R_Anat_Render.png	36	39	33	37	23	Electric	Ice			Strike	1	anat
36	Kikuri-Hime	Priestess	61	The goddess of life in Shinto myth. She once mediated between Izanagi and Izanami during their confrontation in Yomi, the land of the dead.	https://megatenwiki.com/images/5/58/P5X_Kikuri-Hime_Artwork.png	29	50	34	41	39	Fire	Wind,Light			Ice	0	kikuri-hime
37	Scathach	Priestess	75	A warrior woman of the Land of Shadows in Celtic lore. She taught the hero, Cu Chulainn, the art of war and gave him the spear, Gae Bolg.	https://megatenwiki.com/images/0/08/P5X_Scathach_Artwork.png	55	58	40	49	42	Fire	Wind,Light			Pierce,Ice	0	scathach
38	Penthesilea	Empress	20	A queen of the Amazons in Greek mythology. She fought for the Trojans during the Trojan War, but was slain by Achilles. When Achilles took off her helmet and saw her beautiful face, he felt great remorse for killing her. 	https://megatenwiki.com/images/a/a7/P3R_Penthesilea_Artwork.png	13	17	11	15	11	Fire	Ice				0	penthesilea
39	Artemisia	Empress	20	The heroic queen of Halicarnassus mentioned in Herodotus's The Histories. During the Persian Wars between the Greek states and Persia, she was the only woman to take command in the Persian fleet. 	https://megatenwiki.com/images/0/03/P3_Artemisia_Artwork.png	13	17	11	15	11	Fire				Ice	0	artemisia
40	Leanan Sidhe	Empress	21	A beautiful fairy of Irish lore that yearns for the love of a human man. She drains the life of her lovers in return for granting them artistic inspiration.	https://megatenwiki.com/images/d/d9/P5X_Leanan_Sidhe_Artwork.png	12	22	13	15	14	Fire	Wind				0	leanan-sidhe
41	Yakshini	Empress	32	A female demon in Hindu lore. Though originally a Dravidian fertility goddess, the spread of Hinduism changed perception of her to a demonic figure. Usually depicted as a nude, voluptuous, female.	https://megatenwiki.com/images/8/89/P5X_Yakshini_Artwork.png	33	16	13	25	18	Fire	Pierce			Ice	0	yakshini
42	Milady	Empress	36	A Persona of another story. She is the beautiful woman that appears in Dumas's The Three Musketeers. Branded with a fleur-de-lis symbol, she used many aliases to control nobility and get her vengeance.	https://megatenwiki.com/images/8/8f/P5X_Milady_Artwork.png	27	24	22	22	20	Fire	Pierce				1	milady
43	Hariti	Empress	48	Also known as Kishimojin, she once ate children, but stopped after Buddha changed her ways. She now eats pomegranates and is a goddess of parenting.	https://megatenwiki.com/images/1/1f/P5X_Hariti_Artwork.png	24	42	31	28	33	Electric			Ice,Light		0	hariti
44	Astarte	Empress	54	A Persona of another story. A Middle Eastern goddess of fertility. Many scriptures note her folklore, and there is even a mention of her as the ''Queen of Heaven'' in the Bible.	https://megatenwiki.com/images/d/d8/P3R_Astarte_Render.png	42	36	33	33	31	Fire	Dark			Pierce	1	astarte
45	Gabriel	Empress	62	One of the four major archangels. She is also the only female angel at this rank. Her name comes from the Sumerian word for ''governor.'' She is the angel who told Mary of her pregnancy.	https://megatenwiki.com/images/d/dd/P5X_Gabriel_Artwork.png	40	52	35	41	37	Wind,Dark			Ice	Light	0	gabriel
46	Skadi	Empress	68	A Norse giantess called the ''snow-shoe goddess'' and the embodiment of winter. According to legend, all the gods will return to her at the end of Ragnarok.	https://megatenwiki.com/images/c/c7/P5X_Skadi_Artwork.png	52	58	33	40	40	Fire	Wind		Ice		0	skadi
47	Mother Harlot	Empress	77	The fiend known as the ''Whore of Babylon,'' riding a beast with seven heads and ten horns, she carries a golden cup of abominations and the filth of her acts.	https://megatenwiki.com/images/3/37/SMT3_Mother_Harlot_Artwork.png	44	65	60	36	42	Fire,Wind		Electric		Strike,Dark	0	mother-harlot
48	Alilat	Empress	84	The Arabian mother goddess, also known as Allat. The Black Stone at the Kaaba was thought to be her residence. She and her son, Dushara, were worshiped there by desert nomads.	https://megatenwiki.com/images/a/a1/SH1_Alilat_Artwork.png	51	70	60	51	51	Fire,Dark	Wind	Slash,Strike		Ice	0	alilat
49	Forneus	Emperor	7	One of the 72 demons of the Goetia, he appears as a great sea monster. Known as the great Marquis of Hell, he is skilled linguistically, and is a master of rhetoric.	https://megatenwiki.com/images/e/e1/SMT1_PS_Forneus_Artwork.png	5	6	7	6	4	Electric	Ice				0	forneus
50	Polydeuces	Emperor	14	A hero in Greek mythology. As the son of Zeus and the mortal Leda, he inherited his father's immortality. He and his half-brother Castor were famed fighters, and both became stars in the constellation Gemini. 	https://megatenwiki.com/images/9/92/P3R_Polydeuces_Artwork.png	12	10	9	11	7	Ice	Electric				0	polydeuces
51	Caesar	Emperor	14	A statesman, general, and author known for his rule over the Roman Republic. His full name was Gaius Julius Caesar. His many accomplishments led to his name being used as a title for later Roman emperors. 	https://megatenwiki.com/images/5/5d/P3_Caesar_Artwork.png	12	10	9	11	7	Ice				Electric	0	caesar
52	Oberon	Emperor	16	The king of the fairies and Titania's husband. He is quite old but, due to a curse, his looks are that of a young boy. He often flirts with human women, ending in a scolding from his wife.	https://megatenwiki.com/images/8/85/P5X_Oberon_Artwork.png	11	15	9	12	8	Ice	Light,Dark			Electric	0	oberon
53	Take-Mikazuchi	Emperor	23	The Japanese god of thunder. He carries the divine sword Totsuka-no-Tsurugi and is said to be the founder of ancient sumo wrestling.	https://megatenwiki.com/images/1/16/SMT1_Take-Mikazuchi_Artwork.png	18	17	13	15	14	Wind	Slash			Electric	0	take-mikazuchi
54	Goemon	Emperor	27	A Persona of another story. Ishikawa Goemon was a thief who stole from the rich and gave to the poor in Japan during the Azuchi-Momoyama period. The kabuki scene of him sitting on the gate of Nanzen-ji is famous.	https://megatenwiki.com/images/a/a4/P5X_Goemon_Artwork.png	24	16	18	17	13	Fire	Ice				1	goemon
55	King Frost	Emperor	34	The king of snow who rules over an infinite number of Jack Frosts. He has the power to freeze the entire world, but is unaware of it due to his naive personality.	https://megatenwiki.com/images/4/40/P5X_King_Frost_Artwork.png	18	31	26	14	20	Fire			Ice		0	king-frost
56	Naga Raja	Emperor	43	The king of the Naga, a half-man, half-snake tribe in Hindu lore. The dragon kings Nanda and Takshaka of Buddhist myth fall into this royal category.	https://megatenwiki.com/images/3/33/P5X_Raja_Naga_Artwork.png	33	31	22	27	23	Fire	Pierce			Electric	0	naga-raja
57	Kamu Susano-o	Emperor	47	A Persona of another story. He was a Japanese god found in the Izumo Fudoki, and was one of the three gods born from Izanagi. He was violent, but also had a sensitive side, showing love for his mother and reading poems.	https://megatenwiki.com/images/7/78/P3R_Kamu_Susano-o_Render.png	40	25	30	30	23	Fire	Wind			Ice	1	kamu-susano-o
58	Belphegor	Emperor	53	Demonic governor of the deadly sin of sloth. He also excels at invention and discovery. May derive from Ba'al Pe'or, Syrian god of abundant crops.	https://megatenwiki.com/images/7/73/P5X_Belphegor_Artwork.png	34	43	38	28	29	Fire,Light	Ice,Electric		Dark		0	belphegor
59	Barong	Emperor	63	A mystical creature in Balinese lore, it represents good and is Rangda's eternal rival. Even if defeated, it will be reborn. The result is a never-ending struggle.	https://megatenwiki.com/images/b/bb/P5X_Barong_Artwork.png	43	55	41	31	32	Wind				Electric,Light	0	barong
60	Odin	Emperor	74	The father of all gods in Norse legend. He willingly sacrificed one eye to gain wisdom. In preparation for Ragnarok, he gathers the souls of fallen warriors to his hall, Valhalla. 	https://megatenwiki.com/images/f/fe/SMT1_Odin_Artwork.png	44	63	42	46	49	Wind			Electric		0	odin
61	Omoikane	Hierophant	7	A deity of knowledge in Japanese myth. He conceived the plan to draw Amaterasu from the Amato-Iwato, the cave she was hiding in.	https://megatenwiki.com/images/b/bd/P3_Omoikane_Artwork.png	4	8	6	4	6	Dark	Electric				0	omoikane
62	Berith	Hierophant	13	One of the 72 demons of the Goetia. Known as the Duke of Hell, he rides a gigantic horse and burns those without manners.	https://megatenwiki.com/images/c/c5/P5X_Berith_Artwork.png	12	7	10	11	6	Electric	Fire,Wind				0	berith
63	Shiisaa	Hierophant	23	A holy beast said to protect houses from evil and bring good fortune. They look similar to Shinto guardian dogs, but are actually modeled after a lion. There are many stories about it in Ryukyu lore.	https://megatenwiki.com/images/0/00/P5X_Shiisaa_Artwork.png	15	15	19	16	11	Fire	Strike,Light			Ice	0	shiisaa
64	Flauros	Hierophant	33	One of the 72 demons of the Goetia. He appears as a leopard and can see the past and future. He can control fire and burn all his adversaries to death.	https://megatenwiki.com/images/d/df/P5X_Flauros_Artwork.png	27	25	20	18	16	Ice	Wind			Fire	0	flauros
65	Castor	Hierophant	39	A hero in Greek mythology. He is Polydeuces's half-brother, but doesn't share his brother's immortality. He was struck and killed by an arrow, after which he and his brother became stars in the constellation Gemini. 	https://megatenwiki.com/images/6/6b/P3R_Castor_Artwork.png	42	18	37	23	17						0	castor
66	Thoth	Hierophant	40	Egyptian moon god that takes the form of a baboon, he is the one who measures time. He gave Isis the power to resurrect Osiris after he was killed by the evil god Seth.	https://megatenwiki.com/images/2/23/P5X_Thoth_Artwork.png	20	40	20	25	25	Strike,Dark				Electric,Light	0	thoth
67	Mishaguji	Hierophant	48	An indigenous god of the Shinano region from before the forces of Yamato occupied the land. Said to be born from the belief that divine spirits dwelled in rocks and stones.	https://megatenwiki.com/images/0/0c/SH1_Mishaguji_Artwork.png	36	35	30	24	26	Ice				Electric,Dark	0	mishaguji
68	Daisoujou	Hierophant	59	A monk who died while fasting. His spiritual power allows his body to continue to exist without rotting. It is said that he will appear before people on the day of salvation.	https://megatenwiki.com/images/3/3a/P5X_Daisoujou_Artwork.png	33	49	38	31	42	Dark				Light	0	daisoujou
69	Kohryu	Hierophant	71	Known as the Yellow Dragon and renowned as the most benevolent of the dragons. It reigns over the Ssu-Ling, celestial creatures in Chinese myth. It is located in the center of the four beasts.	https://megatenwiki.com/images/f/f2/P5X_Kohryu_Artwork.png	44	53	58	31	40			Electric		Light	0	kohryu
70	Io	Lovers	1	A priestess in service of the goddess Hera. When Zeus fell in love with her, he transformed her into a cow to hide her from Hera, but Hera saw through the ruse. She was rescued by Hermes, and escaped across the sea to safety.	https://megatenwiki.com/images/d/df/P3R_Io_Artwork.png	2	3	1	2	2	Electric	Wind				0	io
71	Isis	Lovers	1	Osiris's wife as well as his younger sister. Upon the death of her husband at the hands of Seth, she traveled all over Egypt to recover the pieces of his body, and revived him with her incredible magic power. 	https://megatenwiki.com/images/1/16/P3_Isis_Artwork.png	2	3	1	2	2	Electric				Wind	0	isis
72	Pixie	Lovers	2	Friendly fairies of the forest that tend to hide from humans. They like to play tricks on lazy people. It is said they are the souls of dead, unbaptized children.	https://megatenwiki.com/images/e/ed/P5X_Pixie_Artwork.png	2	2	2	4	3	Ice	Electric				0	pixie
73	Silky	Lovers	5	A fairy of England and Scotland. She carries out household chores while everyone sleeps and is a welcome spirit. It is said you can hear her silk skirt rustle as she works.	https://megatenwiki.com/images/5/59/P5X_Silky_Artwork.png	3	7	3	4	5	Fire,Electric	Ice				0	silky
74	Tam Lin	Lovers	13	A fae knight of the Seelie Court, said to protect the forest of Carterhaugh. After being kidnapped by the faeries at the tender age of nine, he lived much of his life among them.	https://megatenwiki.com/images/f/f4/SMT1_Tam_Lin_Artwork.png	12	11	8	10	5	Dark	Slash,Light			Electric	0	tam-lin
75	Carmen	Lovers	19	A Persona of another story. She is a gypsy thief from the novel by Merimee, which became famous through the opera by Bizet. She is a femme fatale who is beautiful but very capricious.	https://megatenwiki.com/images/7/77/P5X_Carmen_Artwork.png	8	18	12	14	12	Ice	Fire				1	carmen
76	Narcissus	Lovers	23	A young man of Greek myth. He rejected the nymph Echo, who faded to a whisper out of despair. Cursed by Nemesis, he fell in love with his own reflection and wasted away.	https://megatenwiki.com/images/8/82/P5X_Narcissus_Artwork.png	12	18	10	17	20	Slash	Ice,Electric,Wind				0	narcissus
77	Queen Medb	Lovers	28	The fairy queen in Celtic myth. Often identified with Titania, Oberon's wife. She would offer mead mixed with her blood to her many consorts.	https://megatenwiki.com/images/c/c3/P5X_Queen_Mab_Artwork.png	14	26	15	19	17	Wind	Fire			Electric	0	queen-medb
78	Saki Mitama	Lovers	36	One of the four aspects of Shinto thought, it brings great bounty from the hunt. It is said to aid in love, profit, and growth, and can create new paths.	https://megatenwiki.com/images/0/0b/P5X_Saki_Mitama_Artwork.png	16	30	20	22	28	Strike	Fire,Ice,Electric,Wind				0	saki-mitama
79	Hecate	Lovers	42	A Persona of another story. She is a Greek goddess of crossroads, ghosts and witchcraft, and is commonly attended to by dogs. She is also known to be the chief of the witches that appears in the play Macbeth.	https://megatenwiki.com/images/4/40/P3R_Hecate_Render.png	22	35	24	26	26	Ice	Electric			Fire	1	hecate
80	Titania	Lovers	49	The queen of the fairies and Oberon's wife. She is derived from the Roman goddess Diana. She was later immortalized in Shakespeare's play A Midsummer Night's Dream.	https://megatenwiki.com/images/5/50/P5X_Titania_Artwork.png	19	45	23	34	36	Fire	Light			Ice	0	titania
81	Raphael	Lovers	60	One of the four major archangels, his name means ''healer.'' He recites the history of the fallen angels and the creation of Adam and Eve.	https://megatenwiki.com/images/7/7a/SMT2_Raphael_Artwork.png	46	42	37	31	40	Electric,Dark	Fire			Wind,Light	0	raphael
82	Cybele	Lovers	67	The Phrygian mother goddess of the earth, she is often depicted with wild animals, and lions in particular. She had her priest, Attis, as a lover, but drove him insane when he was forced to marry another.	https://megatenwiki.com/images/5/53/SH1_Cybele_Artwork.png	39	54	40	42	45	Electric	Fire,Light			Ice	0	cybele
83	Ara Mitama	Chariot	6	One of the four aspects of Shinto thought, it has the power to grant ferocity. It is said to aid in one's bravery, growth, and endeavors, though it can lead in a negative direction.	https://megatenwiki.com/images/e/e6/P5X_Ara_Mitama_Artwork.png	8	3	4	5	5	Wind	Strike,Fire				0	ara-mitama
84	Chimera	Chariot	9	The offspring of Typhon and Echidna, this monster of Greek myth is part lion, part goat, and part dragon.	https://megatenwiki.com/images/a/ab/DeSum_Chimera_Artwork.png	8	4	12	4	6	Dark	Strike,Fire				0	chimera
85	Zouchouten	Chariot	14	Also known as Virudhaka, he is the protector of the South and is one of the four Heavenly Kings of Buddhist origin. He is the god of the five grains, and was once the chief of the gods.	https://megatenwiki.com/images/3/33/P5X_Zouchouten_Artwork.png	14	7	13	6	10	Wind	Strike				0	zouchouten
86	Captain Kidd	Chariot	18	A Persona of another story. He was a 17th-century privateer who eventually became a world-renowned pirate. At his execution, he declared he had a hidden treasure, leaving behind many legends.	https://megatenwiki.com/images/5/51/P5X_Captain_Kidd_Artwork.png	14	8	16	12	11	Wind	Electric				1	captain-kidd
87	Mithras	Chariot	24	A sun deity who was worshiped in the Roman Empire from the 1st to the 4th century AD. He was said to be reborn after death, and a festival was held on the winter solstice for him.	https://megatenwiki.com/images/b/b8/P5X_Mithras_Artwork.png	16	19	15	14	15	Electric	Slash		Fire		0	mithras
88	Palladion	Chariot	27	A guardian statue in ancient Greece, stolen from Troy, that protected the city in which it was enshrined. It is said that Athena was so saddened by the death of her friend, Pallas, that she had the wooden statue made in her image. 	https://megatenwiki.com/images/3/39/P3R_Palladion_Artwork.png	21	15	24	15	13	Electric	Pierce				0	palladion
89	Athena	Chariot	27	Daughter of Zeus, and a goddess of great martial ability. She fights to protect her land or family, but never for sheer bloodlust. Her symbol is the olive tree.	https://megatenwiki.com/images/f/f2/P3_Athena_Artwork.png	21	15	24	15	13	Electric				Pierce	0	athena
90	Oni	Chariot	31	An evil monster from Japanese lore known for its hideous appearance and brute strength. They loot and plunder villages, massacring the townspeople with their iron clubs. 	https://megatenwiki.com/images/c/c0/P5X_Oni_Artwork.png	30	13	26	21	19		Strike				0	oni
91	Seiten Taisei	Chariot	40	A Persona of another story. This is a title Sun Wukong had given himself. After wreaking havoc, he was punished by Buddha, who imprisoned him under a mountain. Eventually, he was saved by a monk named Xuanzang.	https://megatenwiki.com/images/e/ec/P3R_Seiten_Taisei_Render.png	30	20	33	24	20	Wind	Fire			Electric	1	seiten-taisei
92	Shiki-Ouji	Chariot	45	An exceptionally powerful shikigami. Only the most elite onmyoji are able to summon it and bind it to paper. It can ward off disaster or cure illness, but its ordinary temperament is quite vicious.	https://megatenwiki.com/images/5/52/P5X_Shiki-Ouji_Artwork.png	33	28	28	25	28	Fire,Wind	Light,Dark	Strike		Pierce	0	shiki-ouji
93	Koumokuten	Chariot	52	Also known as Virupaksha, he is the protector of the West, and is one of the four Heavenly Kings of Buddhist origin. He keeps a close watch on the world with his sharp gaze.	https://megatenwiki.com/images/e/e4/P5X_Koumokuten_Artwork.png	40	35	40	25	29	Electric	Strike,Pierce			Wind	0	koumokuten
94	Thor	Chariot	64	The Norse thunder god and son of Odin. He owns the power-enhancing belt, Megingjard, and wields Mjolnir, a hammer that causes lightning to strike and returns to its owner if thrown.	https://megatenwiki.com/images/d/dd/P5X_Thor_Artwork.png	54	50	42	30	35	Wind				Strike,Electric	0	thor
95	Angel	Justice	4	Ninth of the nine orders of angels. The ''watchers'' who never sleep. Among these are the guardian angels who are assigned to every human at birth. 	https://megatenwiki.com/images/5/5f/P5X_Angel_Artwork.png	4	5	3	4	3	Dark	Electric,Light				0	angel
96	Archangel	Justice	10	Eighth of the nine orders of angels. Their duty is to minister to humans and deliver messages. They are warriors of Heaven and lead Heaven's forces during battle with the armies of evil. 	https://megatenwiki.com/images/9/95/P5X_Archangel_Artwork.png	8	8	8	7	6	Electric,Dark	Slash			Light	0	archangel
97	Principality	Justice	16	The seventh of the nine orders of angels. They guard cities and nations, and protect various religious figures.	https://megatenwiki.com/images/9/96/P5X_Principality_Artwork.png	11	13	7	12	12	Dark	Fire			Light	0	principality
98	Power	Justice	25	The sixth of the nine orders of angels. It is said that they were the first order to be created. Their duty is to protect human souls from demons.	https://megatenwiki.com/images/d/d8/P5X_Power_Artwork.png	20	16	15	16	15	Dark	Pierce,Wind			Light	0	power
99	Virtue	Justice	32	The fifth of the nine orders of angels, also known as ''The Shining Ones.'' They work miracles and support those struggling with their faith.	https://megatenwiki.com/images/d/d8/DeSum_Virtue_Artwork.png	21	24	15	22	22	Dark	Wind	Light			0	virtue
100	Robin Hood	Justice	37	A Persona of another story. He is a noble thief that made waves in England during the Middle Ages. He is an expert archer and leader of the Merry Men, outlaws of justice who made Sherwood Forest their home.	https://megatenwiki.com/images/7/74/P5X_Robin_Hood_Artwork.png	25	27	22	24	20	Dark	Light				1	robin-hood
101	Nemesis	Justice	37	A Greek goddess that was the personification of the gods' wrath, or ''divine retribution.'' While known to administer vengeance, she was also perceived as fair and balanced, punishing only those that deserved it. 	https://megatenwiki.com/images/5/5d/P3R_Nemesis_Artwork.png	19	28	23	25	23	Dark	Light				0	nemesis
102	Kala-Nemi	Justice	37	A Hindu goddess whose name means ''edge of the wheel of time.'' The ''wheel'' refers to samsara, the cycle of death and rebirth, meaning she is a goddess who has transcended life itself. 	https://megatenwiki.com/images/8/82/P3_Kala-Nemi_Artwork.png	19	28	23	25	23	Dark				Light	0	kala-nemi
103	Dominion	Justice	42	The fourth of the nine orders of angels. Their duty is to oversee the other angels. Their actions are the manifestation of God's will.	https://megatenwiki.com/images/b/b3/P5X_Dominion_Artwork.png	25	32	24	26	26	Electric,Dark	Wind			Light	0	dominion
104	Throne	Justice	52	The third of the nine orders of angels. They are the angels of dignity and justice who carry God's throne and govern thought. They are angels of knowledge.	https://megatenwiki.com/images/b/b9/DeSum_Throne_Artwork.png	39	35	30	30	33	Strike,Dark		Light		Fire	0	throne
105	Loki A	Justice	60	A Persona of another story. He is a malevolent god of Norse mythology. He can be capricious and is quite cunning. Despite being a blood brother to Odin, he was punished for the murder of Odin's child, Baldur.	https://megatenwiki.com/images/0/0d/P5_Loki_Concept_Artwork.png	44	42	33	38	33	Light	Fire,Ice			Dark	1	loki-a
106	Melchizedek	Justice	66	An angel of Gnosticism, governing over peace and righteousness. Though said to be the savior of the angels, he used to be a human, the king of Salem.	https://megatenwiki.com/images/e/e2/P5X_Melchizedek_Artwork.png	54	47	47	35	31	Wind		Strike,Light			0	melchizedek
107	Onmoraki	Hermit	8	A monstrous, fire-spitting, Japanese bird with a man's face. It is actually a corpse that was not given a proper memorial service. They appear before monks who neglect their duties.	https://megatenwiki.com/images/9/95/P5X_Onmoraki_Artwork.png	4	7	6	10	4	Slash,Light	Fire,Wind				0	onmoraki
108	Naga	Hermit	17	Half-snake, half-human, they are divine beings in Hindu mythology. Worshiped as bringers of fertility.	https://megatenwiki.com/images/d/dc/P5X_Naga_Artwork.png	14	10	11	14	9	Strike	Electric,Dark				0	naga
109	Lamia	Hermit	25	A serpentine woman of Greek myth, she was once the queen of Libya. Zeus's jealous wife, Hera, killed her children, causing her to go mad and transform into a monster.	https://megatenwiki.com/images/f/fd/P5X_Lamia_Artwork.png	15	20	16	14	17	Strike	Electric,Dark			Fire	0	lamia
110	Mothman	Hermit	31	A cryptid sighted between the 60s and 80s in West Virginia. It has shining red eyes and is named for the fin-like appendages on its sides. It uses its keen sense for blood to track down the source and feed on it.	https://megatenwiki.com/images/d/d3/P5X_Mothman_Artwork.png	15	25	18	27	22	Pierce,Ice	Fire,Dark	Electric		Wind	0	mothman
111	Dakini	Hermit	38	Hindu deities of passion and relations. They are Kali's attendants. They eat human flesh and gather at graveyards and crematories each night. Their name means ''sky dancer.''	https://megatenwiki.com/images/8/86/P5X_Dakini_Artwork.png	36	22	16	29	18	Ice	Strike,Fire				0	dakini
112	Kurama Tengu	Hermit	46	A type of tengu said to have lived on Mt. Kurama in Kyoto. The most powerful and well-known of the tengu, they have the power to fend off disease and bring good fortune.	https://megatenwiki.com/images/3/3d/P5X_Kurama_Tengu_Artwork.png	26	32	25	37	25	Electric	Dark		Wind		0	kurama-tengu
113	Nebiros	Hermit	52	The general of Hell, he keeps watch over other demons. One of the greatest necromancers in Hell, he can control souls and corpses.	https://megatenwiki.com/images/d/d6/P5X_Nebiros_Artwork.png	28	42	31	31	37	Light		Ice		Dark	0	nebiros
114	Kumbhanda	Hermit	61	A demon of Buddhist myth said to drain human life energy. He has dark skin, stands three meters tall, and sometimes changes his shape to a gourd. Known to have once served Rudra, the god of storms.	https://megatenwiki.com/images/9/96/P5X_Kumbhanda_Artwork.png	48	44	39	45	20	Light	Dark		Fire	Wind	0	kumbhanda
115	Arahabaki	Hermit	68	A mysterious god of ancient Japan. Most famously worshiped by Nagasunehiko, who was defeated in battle against Emperor Jinmu, Arahabaki came to be treated as a symbol of rebellion and defiance.	https://megatenwiki.com/images/a/a6/P5X_Arahabaki_Artwork.png	47	52	53	32	36	Strike,Ice,Dark	Light	Slash,Pierce			0	arahabaki
116	Fortuna	Fortune	15	The Roman goddess of luck, she spins the Wheel of Fortune. She is believed to have originally been a fertility goddess. Her Greek counterpart is Tyche.	https://megatenwiki.com/images/b/bf/SH1_Fortuna_Artwork.png	7	17	10	13	11	Electric				Fire,Wind	0	fortuna
117	Sandman	Fortune	20	A fairy in German folklore who carries a bag of magical sand, which puts humans to sleep when thrown into their eyes. If the victim resists, the Sandman will sit on their eyelids.	https://megatenwiki.com/images/d/d4/P5X_Sandman_Artwork.png	13	13	15	15	20	Ice,Electric				Fire,Wind	0	sandman
118	Kushi Mitama	Fortune	28	One of the four aspects of Shinto thought, it uses its power to bring good omens. It is said to aid in one's wisdom, observation, and skill, and can mend fractured paths.	https://megatenwiki.com/images/5/52/P5X_Kushi_Mitama_Artwork.png	16	22	18	13	22	Fire	Electric			Wind	0	kushi-mitama
119	Clotho	Fortune	37	One of the three Moirae Sisters in Greek mythology. She spins the threads of fate.	https://megatenwiki.com/images/d/d2/P5X_Clotho_Artwork.png	20	29	22	24	26	Fire				Wind	0	clotho
120	Lachesis	Fortune	44	The middle sister of the three Moirae Sisters of Greek legend. She is the apportioner, measuring the thread which determines each person's lifespan.	https://megatenwiki.com/images/9/91/P5X_Lachesis_Artwork.png	22	37	23	30	29	Electric	Ice			Wind	0	lachesis
121	Atropos	Fortune	56	One of the three Moirae Sisters in Greek mythology. She cuts the life threads of those whose time has come.  	https://megatenwiki.com/images/7/7e/P5X_Atropos_Artwork.png	26	45	32	36	40	Fire	Light,Dark			Wind	0	atropos
122	Hypnos	Fortune	56	No description (Strega Only)	https://megatenwiki.com/images/e/e8/P3_Hypnos_Artwork.png	50	55	45	40	30			Light	Dark		0	hypnos
123	Moros	Fortune	56	No description (Strega Only)	https://megatenwiki.com/images/4/4a/P3_Moros_Artwork.png	46	50	42	45	35			Fire,Dark			0	moros
124	Norn	Fortune	65	Goddesses of fate in Norse myth. They live below the roots of Yggdrasil and weave the threads of fate, which even the gods are bound by.	https://megatenwiki.com/images/8/88/P5X_Norn_Artwork.png	37	60	40	37	40	Electric		Ice	Wind	Fire	0	norn
125	Lakshmi	Fortune	73	The Hindu goddess of beauty and good fortune, Vishnu's wife, and Kama's mother. She is the goddess of love, believed to have been born from an ocean of milk.	https://megatenwiki.com/images/1/11/P5X_Lakshmi_Artwork.png	39	61	38	45	52	Fire				Ice,Light	0	lakshmi
126	Valkyrie	Strength	10	'Choosers of the slain'' in Norse lore. Armed with shining armor and swords, they look for brave warriors to take to Valhalla, so that they may fight in Ragnarok. 	https://megatenwiki.com/images/7/79/P5X_Valkyrie_Artwork.png	11	7	6	8	5	Fire	Pierce,Ice				0	valkyrie
127	Rakshasa	Strength	15	Demon of Hindu myth. He is an enemy of the gods, and attacks humans to feed on them. His hideous appearance strikes fear into those who see him. Can shift his shape to deceive his enemies.	https://megatenwiki.com/images/d/d1/P5X_Rakshasa_Artwork.png	17	8	13	11	6	Wind,Light	Slash,Pierce				0	rakshasa
128	Matador	Strength	22	A master sportsman who entertains the audience in exchange for his own life: one mistake can mean death. Some believe that matadors who die while performing remain in this world.	https://megatenwiki.com/images/8/8c/P5X_Matador_Artwork.png	17	14	12	23	10	Fire		Dark		Wind	0	matador
129	Jikokuten	Strength	29	Also known as Dhritarashtra, he is the protector of the East, and is one of the four Heavenly Kings of Buddhist origin. He helps maintain the security of the nation.	https://megatenwiki.com/images/b/ba/P5X_Jikokuten_Artwork.png	27	13	25	12	17	Fire	Slash,Light	Ice			0	jikokuten
130	Cerberus	Strength	35	The giant hound that guards the great abyss, Tartarus. He answers to Hades, the lord of the underworld, and keeps watch for both intruders and escapees. He was born from Typhon and Echidna, and is the older brother of Orthrus. 	https://megatenwiki.com/images/9/92/P3R_Cerberus_Artwork.png	25	24	21	29	19	Light				Fire,Dark	0	cerberus
131	Hanuman	Strength	36	A monkey god of Hindu descent. His father is Vayu, the wind god. Extremely nimble, he performed many heroic deeds in the Ramayana. He is powerful, can fly, and can change his shape into many forms.	https://megatenwiki.com/images/2/2a/SMT1_Hanuman_Artwork.png	30	17	24	22	22	Wind	Slash,Fire				0	hanuman
132	White Rider	Strength	46	One of the Four Horsemen of the Apocalypse, he rides a white horse with a bow in hand. A crown was granted to him, and he promises victory.	https://megatenwiki.com/images/d/db/P5X_White_Rider_Censored_Artwork.png	36	27	30	27	25	Ice	Fire	Dark		Light	0	white-rider
133	Siegfried	Strength	54	The German name of the hero in the epic poem of the Nibelungenlied. The dragon Fafnir's blood made him invincible, but a single leaf on his back resulted in a weak spot.	https://megatenwiki.com/images/9/91/SH1_Siegfried_Artwork.png	44	29	38	36	25	Dark	Strike			Slash,Light	0	siegfried
134	Kali	Strength	63	A goddess of death and destruction. She is said to be another face of Parvati. She is violent, bloodthirsty, wears a string of skulls, and carries bloody weapons, but she also blesses her followers.	https://megatenwiki.com/images/4/42/SH1_Kali_Artwork.png	53	30	34	48	34	Wind	Fire	Slash			0	kali
135	Atavaka	Strength	72	One of the eight Yashaou. His domain is war and protection. Once a child-eating demon, he became one of the greatest of the Wisdom Kings after the Buddha converted him to good. 	https://megatenwiki.com/images/7/7c/SMT2_Atavaka_Artwork.png	63	37	64	39	35	Ice				Pierce,Light	0	atavaka
136	Inugami	Hanged	10	Spirits of dogs said to possess humans in Japanese lore. Those possessed go crazy. Onmyoji, or Japanese sorcerers, summon them to do their will.	https://megatenwiki.com/images/5/58/P5X_Inugami_Artwork.png	4	8	7	7	11	Wind	Dark			Fire	0	inugami
137	Take-Minakata	Hanged	20	A Japanese god of war, hunting and fertility. He fought Take-Mikazuchi for control of Japan and lost. He escaped to Suwa, but was prohibited to leave since.	https://megatenwiki.com/images/0/00/SMT3_Take-Minakata_Artwork.png	14	14	21	10	10	Light,Dark	Pierce,Fire,Electric				0	take-minakata
138	Orthrus	Hanged	27	The two-headed pet dog belonging to the giant, Geryon, in Greek myth. He guarded a herd of red oxen, but was killed by Hercules during one of his twelve labors.	https://megatenwiki.com/images/6/66/P5X_Orthrus_Artwork.png	22	14	20	18	15	Ice	Dark		Fire		0	orthrus
139	Vasuki	Hanged	38	A giant serpent of Hindu legend. It is said the gods and demons used him to churn the sea of milk. The strain caused him to exhale incredibly potent venom, but Shiva swallowed it. 	https://megatenwiki.com/images/a/a7/DeSum_Vasuki_Artwork.png	27	27	35	15	17	Wind	Ice,Electric	Light			0	vasuki
140	Hecatoncheires	Hanged	47	A giant in Greek mythology, born from Uranus and Gaia. His name means ''hundred-handed.'' Enlisted by Zeus in the war against the Titans; thanks to his help, the gods were victorious.	https://megatenwiki.com/images/5/52/P5X_Hecatoncheires_Artwork.png	37	24	48	20	25	Light	Strike,Pierce,Ice,Electric,Dark				0	hecatoncheires
141	Mada	Hanged	57	A giant Hindu monster. Its mouth is so enormous it, can swallow the Earth and the heavens in one bite. Its name means, ''he who intoxicates.''	https://megatenwiki.com/images/6/67/P5X_Mada_Artwork.png	42	48	45	33	28	Ice,Wind,Light	Strike,Electric		Fire	Dark	0	mada
142	Medea	Hanged	63	No description (Strega Only)	https://megatenwiki.com/images/e/e6/P3_Medea_Artwork.png	53	65	42	46	30				Fire		0	medea
143	Hell Biker	Hanged	65	A motorcyclist whose violent nature turned him into a demon. His anger at himself and the world causes him to lash out, so that everyone else will suffer as well.	https://megatenwiki.com/images/c/c6/P5X_Hell_Biker_Artwork.png	48	51	50	40	22	Light		Fire,Wind			0	hell-biker
144	Attis	Hanged	73	A Phrygian god who symbolizes life, death, and revival. He rejected Cybele's love and was driven mad, dying after he castrated himself. Cybele then resurrected him. 	https://megatenwiki.com/images/a/ac/SH1_Attis_Artwork.png	45	53	51	57	32	Light,Dark	Slash,Strike,Pierce	Wind		Fire	0	attis
145	Pisaca	Death	15	A type of preta, or ''hungry ghost,'' in Hindu lore that eats human corpses. It enters a human through the mouth and causes harm. Those who see one are said to die within nine months.	https://megatenwiki.com/images/a/a6/P3R_Pisaca_Model.png	10	13	16	9	7	Pierce,Fire,Light	Strike,Electric			Dark	0	pisaca
146	Pale Rider	Death	23	One of the Four Horsemen of the Apocalypse, he rides a pale horse and represents death. He has the power to destroy life.	https://megatenwiki.com/images/c/c3/P5X_Pale_Rider_Artwork.png	20	18	13	17	11	Light	Wind	Dark			0	pale-rider
147	Loa	Death	33	A group of deities worshiped in voodoo. They control the forces of nature and influence human activities. Some also have powerful magic used to curse others.	https://megatenwiki.com/images/6/69/P3_Loa_Artwork.png	21	26	24	19	18	Light	Electric,Dark				0	loa
148	Samael	Death	41	A mysterious angel with the name ''Poison of God.'' He is often shown as a serpent. Opinions differ on whether he is fallen or not, but either way, he is linked with death.	https://megatenwiki.com/images/e/e1/SMT1_PS_Samael_Artwork.png	26	31	27	21	25	Wind	Ice			Electric,Dark	0	samael
149	Mot	Death	58	The Canaanite god of death. Every year, Mot attempts to kill Baal, the god of fertility, only to see him raised from the dead with the help of his sister, Anat.	https://megatenwiki.com/images/2/27/DeSum_Mot_Artwork.png	37	42	44	29	33	Wind		Dark		Electric	0	mot
150	Alice	Death	68	A ghost who appears as a young blonde girl. She seems young, but has formidable magic powers. Some say she's the ghost of a poor English girl who died an unfortunate death.	https://megatenwiki.com/images/3/3b/P5X_Alice_Artwork.png	35	62	31	51	44	Light		Dark			0	alice
151	Thanatos	Death	78	The Greek god of death, he is the son of Nyx and the brother of Hypnos. He is depicted as a young man with an inverted torch and a wreath or butterfly in his hands.	https://megatenwiki.com/images/3/36/P3_Thanatos_Artwork.png	52	66	53	45	40	Light	Fire,Ice,Electric,Wind	Dark			0	thanatos
152	Nigi Mitama	Temperance	12	One of the four aspects of Shinto thought, it works gently to help maintain a calm mind. It is said to aid in one's relations and sociability, and can lead one in a positive direction.	https://megatenwiki.com/images/1/1c/P5X_Nigi_Mitama_Artwork.png	6	10	9	10	8	Electric	Light,Dark			Wind	0	nigi-mitama
153	Mitra	Temperance	22	An ancient Persian god of contracts, who was also revered as a sun god who brought harvests when he was introduced to the Zoroastrian religion.	https://megatenwiki.com/images/0/04/P5X_Mitra_Artwork.png	13	19	16	10	15	Electric				Ice,Light	0	mitra
154	Genbu	Temperance	30	One of the Ssu-Ling, celestial creatures of Chinese myth. It represents the direction north, the season of winter, and the element of water. Known to be a great warrior, it supports the earth from below.	https://megatenwiki.com/images/9/9b/P5X_Genbu_Artwork.png	18	17	30	12	20	Electric				Ice	0	genbu
155	Seiryu	Temperance	38	The noblest of the Ssu-Ling creatures of Chinese myth. It represents the direction east, the season of spring, and the element of wood. He dwells in a palace at the bottom of the ocean.	https://megatenwiki.com/images/6/6f/P5X_Seiryu_Artwork.png	24	31	27	21	18	Electric				Ice	0	seiryu
156	Okuninushi	Temperance	44	A Kunitsu deity of Japanese mythology that governs agriculture and medicine. Said to have built the country of Izumo with Susano-o's daughter, Suseri-Hime. 	https://megatenwiki.com/images/d/da/P5X_Okuninushi_Artwork.png	35	32	29	24	19	Wind	Light	Electric		Fire	0	okuninushi
157	Suzaku	Temperance	55	One of the Ssu-Ling, celestial creatures of Chinese myth. It is a giant bird that is said to chirp in five beautiful voices. It represents the direction south, the season of summer, and the element of fire.	https://megatenwiki.com/images/1/1e/P5X_Suzaku_Artwork.png	31	40	32	42	31	Ice	Light	Fire			0	suzaku
158	Byakko	Temperance	63	One of the Ssu-Ling, celestial creatures of Chinese myth. It represents the direction west, the season of autumn, and the element of metal. He is believed to be the king of all beasts.	https://megatenwiki.com/images/e/e2/P5X_Byakko_Artwork.png	45	44	50	39	30	Fire		Electric		Ice	0	byakko
159	Yurlungur	Temperance	71	A snake with a rainbow body from Murngin lore. He is a fertility deity who controls the weather and resides in a holy pond filled with rainbow-colored water.	https://megatenwiki.com/images/7/7e/P5X_Yurlungur_Artwork.png	41	45	63	42	38	Dark	Fire,Electric,Light				0	yurlungur
160	Lilim	Devil	8	A demon who tempts sleeping men and attacks infants. She is the daughter of the demoness, Lilith. Like her mother, she drains men of their essence.	https://megatenwiki.com/images/c/c3/P5X_Lilim_Artwork.png	4	10	4	6	7	Light	Electric,Dark				0	lilim
161	Mokoi	Devil	18	Evil spirits of Murngin lore believed to be reborn shadows. They kidnap and eat children, and strike down any sorcerer who uses black magic.	https://megatenwiki.com/images/a/ae/P5X_Mokoi_Artwork.png	7	7	12	16	22	Fire				Ice,Dark	0	mokoi
162	Baphomet	Devil	30	A goat-headed demon that is worshiped in Black Sabbaths. His name is sometimes used as a generic name for any demon. He would become an object of worship for witches.	https://megatenwiki.com/images/8/82/P5X_Baphomet_Artwork.png	20	25	22	16	19	Wind,Light	Fire			Dark	0	baphomet
163	Incubus	Devil	37	A male demon of European lore in medieval times. They visit sleeping women and have sexual intercourse with them. The resulting children become witches or wizards.	https://megatenwiki.com/images/5/5f/P5X_Incubus_Artwork.png	22	30	20	21	28	Slash,Light				Fire,Dark	0	incubus
164	Succubus	Devil	47	A female demon of European lore in medieval times. They visit sleeping men and have sexual intercourse with them. The victims don't wake up, but may dream of the encounter.	https://megatenwiki.com/images/a/a3/P5X_Succubus_Artwork.png	26	41	28	33	27	Pierce,Light		Fire	Dark		0	succubus
165	Pazuzu	Devil	56	The Babylonian lord of wind and scorching sands. Has a lion's head and arms, eagle-clawed feet, bird wings, and deadly poison. The diseases he spreads can only be cured by magical means.	https://megatenwiki.com/images/c/c3/P5X_Pazuzu_Censored_Artwork.png	34	42	35	32	34	Electric,Light	Dark	Ice		Wind	0	pazuzu
166	Lilith	Devil	65	Said to have been Adam's first wife, she desired to be his equal and refused to obey him. She was cast out of Eden and became a demon of the night. She is the mother of the demoness, Lilim.	https://megatenwiki.com/images/5/5a/SMT1_PS_Lilith_Artwork.png	35	56	38	44	35	Fire	Ice		Electric	Dark	0	lilith
167	Abaddon	Devil	76	The ''Destroyer'' and ''Angel of the Bottomless Pit'' as described in ancient scriptures. He controls locusts, using them to cause massive destruction to villages. 	https://megatenwiki.com/images/d/d4/SMT1_Abaddon_Artwork.png	53	61	48	33	46	Ice,Light			Slash,Strike,Dark	Fire	0	abaddon
168	Beelzebub	Devil	81	Demonic Lord of the Flies whose insect minions carry souls for him to control. He is mentioned in the Bible as a leader of evil spirits and is seen as a powerful demon.	https://megatenwiki.com/images/0/07/SH1_Beelzebub_Artwork.png	50	62	50	60	52	Fire,Light		Dark		Strike,Electric,Wind	0	beelzebub
169	Eligor	Tower	31	One of the 72 demons of the Goetia. He looks like a knight and has the power to see things to come. He also knows much about wars. 	https://megatenwiki.com/images/2/21/P5X_Eligor_Artwork.png	26	21	24	20	15	Electric	Pierce,Dark			Fire	0	eligor
170	Cu Chulainn	Tower	40	A hero in Celtic folklore. He was called Setanta until he earned the name ''Culann's Hound.'' There are many tales of his adventures. He received his spear, Gae Bolg, from his mentor, Scathach.	https://megatenwiki.com/images/a/ad/P5X_Cu_Chulainn_Artwork.png	33	29	24	26	21	Ice	Pierce,Electric	Wind			0	cu-chulainn
171	Magatsu-Izanagi	Tower	50	A Persona of another story. He is Izanagi's rival and looks just like him. Magatsu means ''calamity.'' Unlike Izanagi, who founded the land and brought order, he leads all back into chaos.	https://megatenwiki.com/images/a/a8/P3R_Magatsu-Izanagi_Render.png	42	39	36	28	17	Ice	Pierce			Light,Dark	1	magatsu-izanagi
172	Bishamonten	Tower	60	Also known as Tamonten and Vaishravana in Buddhist lore, he is the strongest of the Heavenly Kings. He protects the North and is the god of war.	https://megatenwiki.com/images/9/96/DeSu1_Bishamonten_Artwork.png	50	38	45	36	30	Ice	Light			Strike,Fire	0	bishamonten
173	Qitian Dasheng	Tower	67	Also known as ''Sun Wukong,'' he was supposedly born from a rock. After wreaking havoc, he was punished by Buddha, but was eventually saved by a monk named Santsang.	https://megatenwiki.com/images/1/1f/P3_Seiten_Taisei_Artwork.png	52	38	39	50	41	Fire	Wind			Pierce	0	qitian-dasheng
174	Mara	Tower	75	A Buddhist demon that represents the fear of death. Also known as ''The Evil One,'' he sent his daughters to tempt Buddha during his meditations.	https://megatenwiki.com/images/f/f1/P5X_Mara_Artwork.png	60	50	50	48	39	Ice,Light			Strike,Fire,Dark		0	mara
175	Masakado	Tower	79	Taira no Masakado, hero of the Heian period. He claimed the title ''Shinno'' (New Emperor) and rebelled against the government. He was killed, but it is said he became a demigod.	https://megatenwiki.com/images/c/c6/SH1_Masakado_Artwork.png	67	46	55	43	48	Electric	Slash,Strike,Pierce,Dark	Light			0	masakado
176	Shiva	Tower	82	One of the major Hindu gods, he is known as the Destroyer but is also related to regeneration. His wife is Parvati.	https://megatenwiki.com/images/6/60/DeSum_Shiva_Artwork.png	63	57	48	57	55	Ice			Electric	Pierce,Light	0	shiva
177	Chi You	Tower	86	A Chinese god of war, he is said to have invented many weapons. He and his followers rebelled against the Yellow Emperor, Huang Di, but were ultimately defeated.	https://megatenwiki.com/images/d/d7/DeSum_Chi_You_Artwork.png	69	50	63	53	60	Electric	Slash,Pierce				0	chi-you
178	Neko Shogun	Star	17	A prophetic Taoist god, originally known as Mao Shogun. Due to a linguistic error involving the Chinese word for cat, his name became Neko Shogun.	https://megatenwiki.com/images/b/b0/P5X_Neko_Shogun_Artwork.png	15	12	10	14	8	Wind	Electric			Light,Dark	0	neko-shogun
179	Setanta	Star	29	A brave young man in Celtic myth. After defeating a fierce guard dog, he volunteered to take its place, earning him the nickname ''Hound of Culann.''	https://megatenwiki.com/images/0/0b/P5X_Setanta_Artwork.png	26	19	17	21	15	Fire,Dark	Pierce			Electric	0	setanta
180	Cendrillon	Star	36	A Persona of another story. It is the French name of the titular heroine of Cinderella, a tale of great renown in which a mistreated waif gains luxury, beauty, and a single night's dance with a prince through the power of magic.	https://megatenwiki.com/images/9/90/P5R_Cendrillon_Artwork.png	25	22	20	28	20	Dark	Light				1	cendrillon
181	Kaiwan	Star	42	A god in Assyrian legend. His name is interchangeable with that of Sakkut, another incarnation of the star god, Saturn.	https://megatenwiki.com/images/0/08/P5X_Kaiwan_Artwork.png	23	28	25	25	32	Pierce	Fire,Ice,Dark				0	kaiwan
182	Ganesha	Star	51	The Hindu elephant-headed god. He was originally created by Parvati to prevent anyone from watching her bathe. Shiva batted off his original head and replaced it with an elephant's head.	https://megatenwiki.com/images/7/7b/P5X_Ganesha_Artwork.png	39	31	34	20	40	Dark			Wind	Pierce	0	ganesha
183	Vanadis	Star	58	A Persona of another story. It is the true name of Freyja, of the Norse Vanir deities. Her name means ''dis of the Vanir''—''dis'' being a goddess. Known to be a great beauty and a witchlike master of magic.	https://megatenwiki.com/images/a/af/P3R_Vanadis_Render.png	43	38	30	42	33	Dark	Slash			Light	1	vanadis
184	Garuda	Star	64	A divine bird-man in Hindu lore, he once fought the gods and received immortality in exchange for becoming Vishnu's carrier.	https://megatenwiki.com/images/7/75/P5X_Garuda_Artwork.png	45	41	35	51	36	Ice,Electric,Dark	Slash,Strike,Fire,Wind			Light	0	garuda
185	Houou	Star	70	The legendary bird of myth said to appear only in times of peace. It is the ruler of all birds. When it dies, birds across the land chirp with sadness.	https://megatenwiki.com/images/9/9c/P5X_Phoenix_Artwork.png	35	57	39	54	41	Pierce,Electric	Ice		Fire,Light	Wind	0	houou
186	Saturnus	Star	76	The Roman god of agriculture. He is commonly identified with Cronus. In an attempt to prevent his destiny, he ate his children, but was overthrown as was fated.	https://megatenwiki.com/images/6/67/SH1_Saturnus_Artwork.png	43	70	45	51	41	Ice			Fire	Wind	0	saturnus
187	Helel	Star	88	A fallen angel in Judeo-Christian lore whose name means ''morning star.'' Primarily known for defying God, but also worshiped as a bringer of light to mankind.	https://megatenwiki.com/images/7/7b/SMT2_Lucifer_Ally_Artwork.png	63	63	62	58	58	Ice	Slash,Strike,Pierce		Light,Dark		0	helel
188	Gurulu	Moon	14	A demon that takes the shape of a giant bird in Sri Lankan myth. It is thought to be a derivation of Garuda.	https://megatenwiki.com/images/2/2b/SH1_Gurr_Artwork.png	13	8	10	12	6	Fire,Light	Wind			Dark	0	gurulu
189	Yamata-no-Orochi	Moon	25	A giant snake with eight heads that Susano-o defeated to save Kushinada-hime. The legendary sword Ame-no-Murakumo-no-Tsurugi, also known as the Sword of Kusanagi, emerged from its belly.	https://megatenwiki.com/images/c/c7/P5X_Yamata-no-Orochi_Artwork.png	19	19	17	13	14	Slash				Ice,Electric	0	yamata-no-orochi
190	Kaguya	Moon	34	A Persona of another story. A divine being born from a glowing bamboo shoot. Though many proposed to her, none could complete her strict tasks. She eventually returned to her home, the moon.	https://megatenwiki.com/images/b/ba/P4G_Kaguya_Graphic.png	19	32	28	19	11	Fire	Wind			Light,Dark	1	kaguya
191	Girimekhala	Moon	39	A giant elephant monster of Sri Lankan myth, it is typically portrayed as being ridden by the Evil One, Mara. Whoever looks into its evil eye is said to be met with misfortune.	https://megatenwiki.com/images/d/db/P5X_Girimehkala_Artwork.png	36	26	28	20	20	Wind,Light		Slash,Pierce			0	girimekhala
192	Dionysus	Moon	49	The Greek god of wine and theater. He had two births. When his mother died while bearing him, Zeus took the premature infant and let him mature in Zeus's own thigh to a proper birth.	https://megatenwiki.com/images/6/6a/P5X_Dionysus_Artwork.png	30	38	26	30	33	Wind	Strike	Electric			0	dionysus
193	Chernobog	Moon	56	A cursed god of the darkness in Slavic myth. His name means ''Black God.'' He is the counterpart of the ''White God'' Belobog.	https://megatenwiki.com/images/3/39/SH1_Chernobog_Artwork.png	48	41	31	35	32	Fire	Pierce		Dark	Slash	0	chernobog
194	Seth	Moon	62	The Egyptian god of the desert, chaos, and evil. He murdered his brother, Osiris, and tried to become chief god, but he was castrated by Osiris's son, Horus.	https://megatenwiki.com/images/6/60/P5X_Seth_Artwork.png	47	49	42	29	35	Ice,Light	Dark	Fire			0	seth
195	Baal Zebul	Moon	72	Demon whose name means ''Lord of the High Place.'' Possibly derived from the Syrian deity Ba'al, he presides over death and the spirits of the deceased. Many worshiped him because of this power.	https://megatenwiki.com/images/a/a2/SH1_Beelzebub_Human_Artwork.png	51	56	45	42	41	Fire,Light	Ice,Electric,Wind	Dark			0	baal-zebul
196	Sandalphon	Moon	80	Metatron's twin brother in Judeo-Christian lore, he is the master of heavenly songs. It is said that a human would take 500 years to walk the length of his body.	https://megatenwiki.com/images/9/98/P5X_Sandalphon_Artwork.png	53	53	67	46	49	Dark	Electric	Light		Slash	0	sandalphon
197	Yatagarasu	Sun	24	A divine creature in Japanese lore. They are three-legged birds sent by Amaterasu to help humans. They are said to have helped Emperor Jinmu claim victory.	https://megatenwiki.com/images/4/47/P5X_Yatagarasu_Artwork.png	16	16	14	24	13	Ice	Wind			Light	0	yatagarasu
198	Thunderbird	Sun	35	A revered bird of Native American mythology said to live atop cloud-shrouded peaks. Resembles an eagle. Its wingbeats create thunderclaps, and some legends say its eyes can unleash lightning.	https://megatenwiki.com/images/d/db/SH1_Thunderbird_Artwork.png	18	28	18	32	21	Pierce			Electric	Light	0	thunderbird
199	Quetzalcoatl	Sun	45	An Aztec deity known as the Feathered Serpent. He created humans with his own blood and taught them how to sustain themselves.	https://megatenwiki.com/images/3/30/P5X_Quetzalcoatl_Artwork.png	25	35	33	30	25	Dark	Wind			Ice,Light	0	quetzalcoatl
200	Jatayu	Sun	55	The king of birds in Hindu myth. In the Ramayana, he fought bravely, but lost to Ravana in an attempt to save Sita, Rama's wife, the 7th avatar of Vishnu.	https://megatenwiki.com/images/9/9c/P5X_Jatayu_Artwork.png	33	40	30	50	28	Pierce,Electric	Fire,Ice,Light		Wind		0	jatayu
201	Horus	Sun	67	An ancient god of Egypt whose eyes are the sun and moon. Revered by some as the chief god, he is often depicted as a hawk or a falcon.	https://megatenwiki.com/images/d/d4/P5X_Horus_Artwork.png	42	53	34	48	40	Dark	Ice	Light		Electric	0	horus
202	Vishnu	Sun	78	One of the major Hindu gods, he is the preserver and protector of the universe. Legends claim that he will make ten appearances across time and space to strike down evil and uphold justice.	https://megatenwiki.com/images/3/3a/P5X_Vishnu_Artwork.png	65	55	50	53	42	Dark			Light	Ice,Electric	0	vishnu
203	Asura	Sun	85	The Hindu king of Asuras is named Maha Vairocana, or ''One Who Shines On All.'' In Buddhism, he is known as Dainichi Nyorai.	https://megatenwiki.com/images/0/05/SMT1_Asura_Artwork.png	75	55	58	50	54	Wind			Fire	Strike,Light	0	asura
204	Anubis	Judgement	40	The jackal-headed god of Egyptian myth. He weighs the hearts of the dead to determine their final destination. He is also associated with embalming. 	https://megatenwiki.com/images/3/35/P5X_Anubis_Artwork.png	27	35	30	21	26					Light,Dark	0	anubis
205	Trumpeter	Judgement	59	Angels said to sound the trumpets at the apocalypse. Each trumpet brings more plagues and disasters, turning the earth into a land of death and suffering.	https://megatenwiki.com/images/1/1e/P5X_Trumpeter_Artwork.png	44	44	37	35	33	Wind		Light		Ice,Dark	0	trumpeter
206	Michael	Judgement	70	One of the four major archangels, he is at the top of the angelic hierarchy. He carries a long spear that can cut through anything, and his name means ''one who is like God.''	https://megatenwiki.com/images/e/e4/P5X_Michael_Artwork.png	56	48	46	37	42	Wind	Slash,Pierce,Dark	Light			0	michael
207	Satan	Judgement	82	The prince of darkness in Judeo-Christian lore, known for his role as the snake that tempted Adam and Eve at Eden. It is also said he is sent by God to test man's piety.	https://megatenwiki.com/images/b/bb/SMT2_SFC_Satan_Artwork.png	55	68	52	43	53	Wind	Fire	Ice	Dark		0	satan
208	Lucifer	Judgement	89	A fallen angel and the lord of demons in Judeo-Christian lore. His pride led him to revolt against God, taking a third of the heavenly host with him. He now waits for a second chance to challenge God.	https://megatenwiki.com/images/f/fc/SMT2_Lucifer_Enemy_Artwork.png	70	70	61	51	55			Dark	Fire,Electric		0	lucifer
209	Messiah	Judgement	91	Appears before Judgment Day to save the virtuous. He is a universal figure, appearing in myth around the world. Many stories involve his death and rebirth.	https://megatenwiki.com/images/1/1a/P3_Messiah_Artwork.png	65	70	62	59	59		Fire,Ice,Electric,Wind	Light,Dark			0	messiah
210	Nidhoggr	Aeon	47	An evil dragon that gnaws on the roots of Yggdrasil, the World Tree. It rules over the evil snakes that live there. Capable of surviving Ragnarok by feeding on the slain corpses that drift to it.	https://megatenwiki.com/images/4/45/P3_Nidhoggr_Artwork.png	36	29	43	21	28	Wind,Light	Pierce,Dark			Ice,Electric	0	nidhoggr
211	Uriel	Aeon	57	One of the four major archangels. His name means ''Flame of God,'' and he knows all the celestial phenomena. He is the first angel Satan met on earth. 	https://megatenwiki.com/images/5/56/SMT2_Uriel_Artwork.png	47	42	35	36	30	Ice,Dark	Slash		Fire	Electric,Light	0	uriel
212	Ananta	Aeon	73	The thousand-headed serpent of Hindu myth. Ananta is Sanskrit for ''infinite.'' After resting on him, Vishnu woke up and created the universe. 	https://megatenwiki.com/images/8/89/DeSum_Ananta_Artwork.png	51	51	68	35	42	Slash,Electric	Pierce		Ice	Light	0	ananta
213	Metatron	Aeon	87	The greatest angel in Judeo-Christian legend. He is known as the Voice of God or the Angel of Contracts. Despite his duty to maintain the world's order, he shows no mercy towards humanity.	https://megatenwiki.com/images/2/26/DeSum_Metatron_Artwork.png	60	65	65	55	53	Electric,Dark	Ice	Fire,Wind,Light			0	metatron